Country Name,Country Code,Series,Series Code,1999,2000,2001,2002,2003,2004,2005,2006,2007,2008,2009,2010,2011,2012,2013,2014,2015,2016,2017,2018,2019,2020,2021,2022,2023
Afghanistan,AFG,"Youth literacy rate, population 15-24 years, both sexes (%)",SE.ADT.1524.LT.ZS,,,,,,,,,,,,,46.99005,,,,,,,65.42055,,,,,
Albania,ALB,"Youth literacy rate, population 15-24 years, both sexes (%)",SE.ADT.1524.LT.ZS,,,99.43515,,,,,,,98.83121,,,98.79119,99.2314,,,,,,99.33,,,,,
Algeria,DZA,"Youth literacy rate, population 15-24 years, both sexes (%)",SE.ADT.1524.LT.ZS,,,,90.13721,,,,91.77964,,93.76733,,,,,,,,,,97.42652,,,,,
American Samoa,ASM,"Youth literacy rate, population 15-24 years, both sexes (%)",SE.ADT.1524.LT.ZS,,,,,,,,,,,,,,,,,,,,,,,,,
Andorra,AND,"Youth literacy rate, population 15-24 years, both sexes (%)",SE.ADT.1524.LT.ZS,,,,,,,,,,,,,,,,,,,,,,,,,
Angola,AGO,"Youth literacy rate, population 15-24 years, both sexes (%)",SE.ADT.1524.LT.ZS,,,72.19449,,,,,,,,,,,,,77.43113,,,,,,,,,
Anguilla,AIA,"Youth literacy rate, population 15-24 years, both sexes (%)",SE.ADT.1524.LT.ZS,,,,,,,,,,,,,,,,,,,,,,,,,
Antigua and Barbuda,ATG,"Youth literacy rate, population 15-24 years, both sexes (%)",SE.ADT.1524.LT.ZS,,,,,,,,,,,,,,,,,,,,,,,,,
Arab World,ARB,"Youth literacy rate, population 15-24 years, both sexes (%)",SE.ADT.1524.LT.ZS,79.62744,80.18484,81.14054,82.12362,83.01048,83.6424,84.06601,82.64806,83.38933,84.04509,81.33587,81.68145,82.0158,85.90535,86.29378,87.18571,83.81765,86.08725,86.60847,82.83087,82.90794,,,,
Argentina,ARG,"Youth literacy rate, population 15-24 years, both sexes (%)",SE.ADT.1524.LT.ZS,,,98.91666,,,,,99.44608,,,99.58429,99.29864,99.62824,99.37587,99.55132,99.29671,99.5597,99.50271,,99.50552,,,,,
Armenia,ARM,"Youth literacy rate, population 15-24 years, both sexes (%)",SE.ADT.1524.LT.ZS,,,99.80728,,,,,,,,,,99.8474,,,,,,99.84702,,,,,,
Aruba,ABW,"Youth literacy rate, population 15-24 years, both sexes (%)",SE.ADT.1524.LT.ZS,,99.02641,,,,,,,,,,99.13841,,,,,,,,99.5,,,,,
Australia,AUS,"Youth literacy rate, population 15-24 years, both sexes (%)",SE.ADT.1524.LT.ZS,,,,,,,,,,,,,,,,,,,,,,,,,
Austria,AUT,"Youth literacy rate, population 15-24 years, both sexes (%)",SE.ADT.1524.LT.ZS,,,,,,,,,,,,,,,,,,,,,,,,,
Azerbaijan,AZE,"Youth literacy rate, population 15-24 years, both sexes (%)",SE.ADT.1524.LT.ZS,99.8861,,,,,,,,99.98915,,99.9513,99.9506,99.9441,99.93675,99.95247,99.95699,99.94278,99.94048,99.93805,,,,,,
"Bahamas, The",BHS,"Youth literacy rate, population 15-24 years, both sexes (%)",SE.ADT.1524.LT.ZS,,,,,,,,,,,,,,,,,,,,,,,,,
Bahrain,BHR,"Youth literacy rate, population 15-24 years, both sexes (%)",SE.ADT.1524.LT.ZS,,,97.02471,,,,,,,,,95.45447,,,,,,99.48031,99.59822,99.6872,,,,,
Bangladesh,BGD,"Youth literacy rate, population 15-24 years, both sexes (%)",SE.ADT.1524.LT.ZS,,,63.62273,,,,,,61.87281,,,,77.98499,77.83291,85.52715,85.55473,87.88877,92.24265,92.95076,93.29644,94.86243,,,,
Barbados,BRB,"Youth literacy rate, population 15-24 years, both sexes (%)",SE.ADT.1524.LT.ZS,,,,,,99.9,,,,,,,,,,99.9,,,,,,,,,
Belarus,BLR,"Youth literacy rate, population 15-24 years, both sexes (%)",SE.ADT.1524.LT.ZS,99.79184,,,,,,,,,,99.82321,,,,,,,,,99.85,,,,,
Belgium,BEL,"Youth literacy rate, population 15-24 years, both sexes (%)",SE.ADT.1524.LT.ZS,,,,,,,,,,,,,,,,,,,,,,,,,
Belize,BLZ,"Youth literacy rate, population 15-24 years, both sexes (%)",SE.ADT.1524.LT.ZS,,84.22305,,,,,,,,,,,,,,,,,,,,,,,
Benin,BEN,"Youth literacy rate, population 15-24 years, both sexes (%)",SE.ADT.1524.LT.ZS,,,,45.30962,,,,42.3627,,,,,,52.49247,,,,,,60.94808,,,,,
Bermuda,BMU,"Youth literacy rate, population 15-24 years, both sexes (%)",SE.ADT.1524.LT.ZS,,,,,,,,,,,,,,,,,,,,,,,,,
Bhutan,BTN,"Youth literacy rate, population 15-24 years, both sexes (%)",SE.ADT.1524.LT.ZS,,,,,,,74.40521,,,,,,,86.05901,,,,,93.09063,,,,,,
Bolivia,BOL,"Youth literacy rate, population 15-24 years, both sexes (%)",SE.ADT.1524.LT.ZS,,,97.32378,,,,,,99.44136,99.1225,99.38397,,99.00752,98.99588,,,99.39917,,,,,,,,
Bosnia and Herzegovina,BIH,"Youth literacy rate, population 15-24 years, both sexes (%)",SE.ADT.1524.LT.ZS,,99.79393,,,,,,,,,,,99.46231,,99.66243,,,,,,,,,,
Botswana,BWA,"Youth literacy rate, population 15-24 years, both sexes (%)",SE.ADT.1524.LT.ZS,,,,,93.95744,,,,,,,,,,97.45629,,,,,,,,,,
Brazil,BRA,"Youth literacy rate, population 15-24 years, both sexes (%)",SE.ADT.1524.LT.ZS,,94.18411,,,,96.84386,,97.5823,97.80063,97.84363,98.06554,97.51412,98.48692,98.61966,98.73668,98.84569,98.96375,99.11096,99.15541,99.20417,,,,,
British Virgin Islands,VGB,"Youth literacy rate, population 15-24 years, both sexes (%)",SE.ADT.1524.LT.ZS,,,,,,,,,,,,,,,,,,,,,,,,,
Brunei Darussalam,BRN,"Youth literacy rate, population 15-24 years, both sexes (%)",SE.ADT.1524.LT.ZS,,,98.89379,,,,,,,,,,99.36677,,,,,,,99.70894,,,,,
Bulgaria,BGR,"Youth literacy rate, population 15-24 years, both sexes (%)",SE.ADT.1524.LT.ZS,,,98.21248,,,,,,,,,,97.86505,,,,,,,,,,,,
Burkina Faso,BFA,"Youth literacy rate, population 15-24 years, both sexes (%)",SE.ADT.1524.LT.ZS,,,,,31.22926,,32.96662,32.7306,39.25778,,,,,,,50.0963,,,,58.29,,,,,
Burundi,BDI,"Youth literacy rate, population 15-24 years, both sexes (%)",SE.ADT.1524.LT.ZS,,73.33006,,,,,,,,61.73879,,,,,,79.55961,,,88.22177,,,,,,
Cabo Verde,CPV,"Youth literacy rate, population 15-24 years, both sexes (%)",SE.ADT.1524.LT.ZS,,95.87,,,,,,,,,,,,98.12897,,,98.11131,,,,,,,,
Cambodia,KHM,"Youth literacy rate, population 15-24 years, both sexes (%)",SE.ADT.1524.LT.ZS,,,,,,83.38286,,,,87.47138,87.12393,,,,,90.14187,92.21236,,,,,,,,
Cameroon,CMR,"Youth literacy rate, population 15-24 years, both sexes (%)",SE.ADT.1524.LT.ZS,,83.09829,,,,,,,83.13557,,,80.57444,,,,,,,,85.08,,,,,
Canada,CAN,"Youth literacy rate, population 15-24 years, both sexes (%)",SE.ADT.1524.LT.ZS,,,,,,,,,,,,,,,,,,,,,,,,,
Caribbean small states,CSS,"Youth literacy rate, population 15-24 years, both sexes (%)",SE.ADT.1524.LT.ZS,93.89387,94.11163,94.36259,94.59651,94.79777,94.9696,95.1563,95.20568,95.66471,95.78112,95.90667,95.95851,96.06773,96.0912,96.52855,96.65606,96.62038,,,,,,,,
Cayman Islands,CYM,"Youth literacy rate, population 15-24 years, both sexes (%)",SE.ADT.1524.LT.ZS,,,,,,,,,98.90682,,,,,,,,,,,,,,,,
Central African Republic,CAF,"Youth literacy rate, population 15-24 years, both sexes (%)",SE.ADT.1524.LT.ZS,,60.80705,,,,,,,,,,36.35627,,,,,,,,38.26865,,,,,
Central Europe and the Baltics,CEB,"Youth literacy rate, population 15-24 years, both sexes (%)",SE.ADT.1524.LT.ZS,99.2006,99.18063,99.16726,99.15478,99.13133,99.10941,99.09112,99.07522,99.06443,99.07244,99.36371,99.38328,99.40172,99.41957,99.43898,99.45876,99.47612,99.496,,,,,,,
Chad,TCD,"Youth literacy rate, population 15-24 years, both sexes (%)",SE.ADT.1524.LT.ZS,,37.55735,,,,41.67312,,,,,,,,,,,38.77242,30.79161,,,,,,,
Channel Islands,CHI,"Youth literacy rate, population 15-24 years, both sexes (%)",SE.ADT.1524.LT.ZS,,,,,,,,,,,,,,,,,,,,,,,,,
Chile,CHL,"Youth literacy rate, population 15-24 years, both sexes (%)",SE.ADT.1524.LT.ZS,,,,98.99098,,,,,,99.15358,98.87238,98.84012,99.40819,,99.04828,,99.35394,,99.00866,,,,,,
China,CHN,"Youth literacy rate, population 15-24 years, both sexes (%)",SE.ADT.1524.LT.ZS,,98.85873,,,,,,,,,,99.64229,,,,,,,,99.7836,,,,,
Colombia,COL,"Youth literacy rate, population 15-24 years, both sexes (%)",SE.ADT.1524.LT.ZS,,,,,,97.99131,97.9584,97.88317,97.96863,97.98927,97.93743,98.09842,98.23938,,,98.54095,98.53473,98.66831,,98.85165,,,,,
Comoros,COM,"Youth literacy rate, population 15-24 years, both sexes (%)",SE.ADT.1524.LT.ZS,,80.18576,,,,,,,,,,,,71.58127,,,,,,78.27039,,,,,
"Congo, Dem. Rep.",COD,"Youth literacy rate, population 15-24 years, both sexes (%)",SE.ADT.1524.LT.ZS,,,70.41626,,,,,,65.77653,,,,,83.59755,,,,84.98951,,,,,,,
"Congo, Rep.",COG,"Youth literacy rate, population 15-24 years, both sexes (%)",SE.ADT.1524.LT.ZS,,,,,,,78.56835,,,,,,80.91395,,,,,,,82.05479,,,,,
Cook Islands,COK,"Youth literacy rate, population 15-24 years, both sexes (%)",SE.ADT.1524.LT.ZS,,,,,,,,,,,,,,,,,,,,,,,,,
Costa Rica,CRI,"Youth literacy rate, population 15-24 years, both sexes (%)",SE.ADT.1524.LT.ZS,,97.6147,,,,,,,,,,,99.1337,,,,,,,99.43,,,,,
Cote d'Ivoire,CIV,"Youth literacy rate, population 15-24 years, both sexes (%)",SE.ADT.1524.LT.ZS,,60.72365,,,,,,,,,,,,48.30996,,53.02069,,,,58.42015,,,,,
Croatia,HRV,"Youth literacy rate, population 15-24 years, both sexes (%)",SE.ADT.1524.LT.ZS,,,99.64864,,,,,,,,,,99.72363,,,,,,,,,,,,
Cuba,CUB,"Youth literacy rate, population 15-24 years, both sexes (%)",SE.ADT.1524.LT.ZS,,,,99.9556,,,,,,,,,,99.87465,,,,,,,,,,,
Curacao,CUW,"Youth literacy rate, population 15-24 years, both sexes (%)",SE.ADT.1524.LT.ZS,,,,,,,,,,,,,,,,,,,,,,,,,
Cyprus,CYP,"Youth literacy rate, population 15-24 years, both sexes (%)",SE.ADT.1524.LT.ZS,,,99.77493,,,,,,,,,,99.82099,,,,,,,,,,,,
Czechia,CZE,"Youth literacy rate, population 15-24 years, both sexes (%)",SE.ADT.1524.LT.ZS,,,,,,,,,,,,,,,,,,99.78588,,,,,,,
Denmark,DNK,"Youth literacy rate, population 15-24 years, both sexes (%)",SE.ADT.1524.LT.ZS,,,,,,,,,,,,,,,,,,,,,,,,,
Djibouti,DJI,"Youth literacy rate, population 15-24 years, both sexes (%)",SE.ADT.1524.LT.ZS,,,,,,,,,,,,,,,,,,,,,,,,,
Dominica,DMA,"Youth literacy rate, population 15-24 years, both sexes (%)",SE.ADT.1524.LT.ZS,,,,,,,,,,,,,,,,,,,,,,,,,
Dominican Republic,DOM,"Youth literacy rate, population 15-24 years, both sexes (%)",SE.ADT.1524.LT.ZS,,,,94.21757,,,,,95.78686,,,96.80575,97.04205,97.02389,97.47243,97.68853,97.61406,98.83941,,,,,,,
Early-demographic dividend,EAR,"Youth literacy rate, population 15-24 years, both sexes (%)",SE.ADT.1524.LT.ZS,79.64915,80.31898,80.92891,81.87824,82.69067,83.53996,83.99652,84.49893,84.85145,86.69712,87.31527,87.49827,87.72501,88.37219,89.2037,89.86463,90.50688,91.00817,91.33305,91.68253,92.08379,,,,
East Asia & Pacific,EAS,"Youth literacy rate, population 15-24 years, both sexes (%)",SE.ADT.1524.LT.ZS,97.64256,97.67386,97.73536,97.82941,97.98145,98.07671,98.15947,98.12009,98.37829,98.74414,98.71079,98.66478,98.25053,98.28724,98.31574,98.54473,98.59689,98.61837,98.64629,98.65081,98.68928,,,,
East Asia & Pacific (excluding high income),EAP,"Youth literacy rate, population 15-24 years, both sexes (%)",SE.ADT.1524.LT.ZS,97.84526,97.86561,97.92853,98.01593,98.15148,98.23334,98.31032,98.25292,98.51713,98.89217,98.85713,98.84149,98.42478,98.45675,98.48134,98.67299,98.72313,98.74091,98.76678,98.76907,98.80507,,,,
East Asia & Pacific (IDA & IBRD countries),TEA,"Youth literacy rate, population 15-24 years, both sexes (%)",SE.ADT.1524.LT.ZS,97.82023,97.84115,97.90502,97.99365,98.13093,98.21383,98.2917,98.23366,98.50071,98.87978,98.84417,98.82807,98.4061,98.4379,98.46219,98.65575,98.70614,98.72389,98.74996,98.75224,98.78876,,,,
Ecuador,ECU,"Youth literacy rate, population 15-24 years, both sexes (%)",SE.ADT.1524.LT.ZS,,,96.43721,,,,,,98.39142,98.45375,98.80065,98.65271,98.69484,98.83163,98.60464,99.09777,99.1262,99.05711,99.25505,,,,,,
"Egypt, Arab Rep.",EGY,"Youth literacy rate, population 15-24 years, both sexes (%)",SE.ADT.1524.LT.ZS,,,,,,,84.85342,84.87827,,,,87.50964,,89.28192,92.02342,,,,88.19256,,,,,,
El Salvador,SLV,"Youth literacy rate, population 15-24 years, both sexes (%)",SE.ADT.1524.LT.ZS,,,,,,,,94.95099,93.56494,95.95747,95.02206,96.03446,96.54509,,97.22419,,97.94933,98.00859,97.98045,97.97372,,,,,
Equatorial Guinea,GNQ,"Youth literacy rate, population 15-24 years, both sexes (%)",SE.ADT.1524.LT.ZS,,97.13137,,,,,,,,,,97.96704,,,,,,,,,,,,,
Eritrea,ERI,"Youth literacy rate, population 15-24 years, both sexes (%)",SE.ADT.1524.LT.ZS,,,,77.94529,,,,,,86.97491,,,,,,,,,,93.27239,,,,,
Estonia,EST,"Youth literacy rate, population 15-24 years, both sexes (%)",SE.ADT.1524.LT.ZS,,99.7705,,,,,,,,,,,99.9489,,,,,,,,,,,,
Eswatini,SWZ,"Youth literacy rate, population 15-24 years, both sexes (%)",SE.ADT.1524.LT.ZS,,91.86324,,,,,,,,,,93.5023,,,,,,,,95.46937,,,,,
Ethiopia,ETH,"Youth literacy rate, population 15-24 years, both sexes (%)",SE.ADT.1524.LT.ZS,,,,,,49.9,44.60597,,54.98298,,,,,,,,,,72.75482,,,,,,
Euro area,EMU,"Youth literacy rate, population 15-24 years, both sexes (%)",SE.ADT.1524.LT.ZS,,,,,,,,,,,,,,,,,,,,,,,,,
Europe & Central Asia,ECS,"Youth literacy rate, population 15-24 years, both sexes (%)",SE.ADT.1524.LT.ZS,98.96355,99.02104,99.05027,99.10485,99.11296,99.10326,99.18926,99.17114,99.22386,99.22017,99.41684,99.47224,99.50116,99.53741,99.56687,99.59408,99.60965,99.6416,99.65887,99.67011,99.68487,,,,
Europe & Central Asia (excluding high income),ECA,"Youth literacy rate, population 15-24 years, both sexes (%)",SE.ADT.1524.LT.ZS,98.71918,98.86287,98.90016,98.9288,98.92612,98.8897,99.01742,99.01961,99.05563,99.1007,99.35907,99.44012,99.52901,99.58516,99.62598,99.6545,99.68006,99.73519,99.73756,99.75513,99.76877,,,,
Europe & Central Asia (IDA & IBRD countries),TEC,"Youth literacy rate, population 15-24 years, both sexes (%)",SE.ADT.1524.LT.ZS,98.78503,98.90389,98.9335,98.95637,98.95052,98.91577,99.02371,99.02408,99.05392,99.09214,99.37462,99.44893,99.53032,99.58257,99.62172,99.64994,99.6751,99.72597,99.72953,99.74617,99.75911,,,,
European Union,EUU,"Youth literacy rate, population 15-24 years, both sexes (%)",SE.ADT.1524.LT.ZS,,,,,,,,,,,,,,,,,,,,,,,,,
Faroe Islands,FRO,"Youth literacy rate, population 15-24 years, both sexes (%)",SE.ADT.1524.LT.ZS,,,,,,,,,,,,,,,,,,,,,,,,,
Fiji,FJI,"Youth literacy rate, population 15-24 years, both sexes (%)",SE.ADT.1524.LT.ZS,,,,,,,,,,,,,,,,,,,99.74434,,,,,,
Finland,FIN,"Youth literacy rate, population 15-24 years, both sexes (%)",SE.ADT.1524.LT.ZS,,,,,,,,,,,,,,,,,,,,,,,,,
Fragile and conflict affected situations,FCS,"Youth literacy rate, population 15-24 years, both sexes (%)",SE.ADT.1524.LT.ZS,74.4411,71.2741,71.4854,71.64476,71.42243,72.00561,71.91342,72.36356,69.29297,69.72689,68.67237,68.83041,69.76562,71.82965,72.38547,73.23951,71.88719,74.04414,74.78029,73.15035,73.47483,,,,
France,FRA,"Youth literacy rate, population 15-24 years, both sexes (%)",SE.ADT.1524.LT.ZS,,,,,,,,,,,,,,,,,,,,,,,,,
French Polynesia,PYF,"Youth literacy rate, population 15-24 years, both sexes (%)",SE.ADT.1524.LT.ZS,,,,,,,,,,,,,,,,,,,,,,,,,
Gabon,GAB,"Youth literacy rate, population 15-24 years, both sexes (%)",SE.ADT.1524.LT.ZS,,,,,,,,,,,,,,88.50414,,,,,,89.78366,,,,,
"Gambia, The",GMB,"Youth literacy rate, population 15-24 years, both sexes (%)",SE.ADT.1524.LT.ZS,,52.55502,,,,,,,,,,,,,60.7779,,67.16138,,,,,,,,
Georgia,GEO,"Youth literacy rate, population 15-24 years, both sexes (%)",SE.ADT.1524.LT.ZS,,,,99.82542,,,,,,,,,,,,99.70261,,,99.64081,,,,,,
Germany,DEU,"Youth literacy rate, population 15-24 years, both sexes (%)",SE.ADT.1524.LT.ZS,,,,,,,,,,,,,,,,,,,,,,,,,
Ghana,GHA,"Youth literacy rate, population 15-24 years, both sexes (%)",SE.ADT.1524.LT.ZS,,70.66306,,,,,,,,,,85.71615,,,,,,,,92.49097,,,,,
Gibraltar,GIB,"Youth literacy rate, population 15-24 years, both sexes (%)",SE.ADT.1524.LT.ZS,,,,,,,,,,,,,,,,,,,,,,,,,
Global Partnership for Education,FTI,"Youth literacy rate, population 15-24 years, both sexes (%)",SE.ADT.1524.LT.ZS,68.80404,68.11341,68.64222,69.73799,70.53697,71.58375,71.26463,72.21859,70.05499,72.30499,72.70341,73.33025,73.92543,74.98752,76.10927,76.76486,77.48266,78.31845,78.81099,79.21451,79.68301,,,,
Greece,GRC,"Youth literacy rate, population 15-24 years, both sexes (%)",SE.ADT.1524.LT.ZS,,,98.94053,,,,99.52918,,99.56192,,99.49109,,98.81486,,,,,,,99.16,,,,,
Greenland,GRL,"Youth literacy rate, population 15-24 years, both sexes (%)",SE.ADT.1524.LT.ZS,,,,,,,,,,,,,,,,,,,,,,,,,
Grenada,GRD,"Youth literacy rate, population 15-24 years, both sexes (%)",SE.ADT.1524.LT.ZS,,,,,,99.2,,,,,,,,,,99.2,,,,,,,,,
Guam,GUM,"Youth literacy rate, population 15-24 years, both sexes (%)",SE.ADT.1524.LT.ZS,,,,,,,,,,,,,,,,,,,,,,,,,
Guatemala,GTM,"Youth literacy rate, population 15-24 years, both sexes (%)",SE.ADT.1524.LT.ZS,,,,82.22026,,,,,,,,,,93.65347,91.85192,94.35425,,,,,,,,,
Guinea,GIN,"Youth literacy rate, population 15-24 years, both sexes (%)",SE.ADT.1524.LT.ZS,,,,,47.09126,,,,,,,31.40642,,,,46.29505,,,,,,,,,
Guinea-Bissau,GNB,"Youth literacy rate, population 15-24 years, both sexes (%)",SE.ADT.1524.LT.ZS,,59.49285,,,,,,,,,,,,,,60.40235,,,,,,,,,
Guyana,GUY,"Youth literacy rate, population 15-24 years, both sexes (%)",SE.ADT.1524.LT.ZS,,,,,,,,,,,93.09894,,,,,96.68967,,,,,,,,,
Haiti,HTI,"Youth literacy rate, population 15-24 years, both sexes (%)",SE.ADT.1524.LT.ZS,,,,,81.61633,,,72.34672,,,,,,,,,,82.99425,,,,,,,
Heavily indebted poor countries (HIPC),HPC,"Youth literacy rate, population 15-24 years, both sexes (%)",SE.ADT.1524.LT.ZS,58.83696,59.39747,59.89392,61.58146,62.3776,63.83547,63.06124,61.69855,63.25247,63.66099,64.13071,65.27207,67.61211,69.35937,70.38632,71.30923,72.02695,72.63548,73.63168,74.11132,74.7001,,,,
High income,HIC,"Youth literacy rate, population 15-24 years, both sexes (%)",SE.ADT.1524.LT.ZS,,,,,,,,,,,,,,,,,,,,,,,,,
Honduras,HND,"Youth literacy rate, population 15-24 years, both sexes (%)",SE.ADT.1524.LT.ZS,,,88.94272,,,,,,93.92431,,,95.15069,95.925,94.98095,95.06649,95.67707,96.00751,96.12654,,96.51584,,,,,
"Hong Kong SAR, China",HKG,"Youth literacy rate, population 15-24 years, both sexes (%)",SE.ADT.1524.LT.ZS,,,,,,,,,,,,,,,,,,,,,,,,,
Hungary,HUN,"Youth literacy rate, population 15-24 years, both sexes (%)",SE.ADT.1524.LT.ZS,,,,,,,,,,,,,,,,98.8,,,,,,,,,
IBRD only,IBD,"Youth literacy rate, population 15-24 years, both sexes (%)",SE.ADT.1524.LT.ZS,90.06188,90.40325,90.76683,91.20136,91.75169,92.14727,92.51121,92.69611,93.35241,93.87584,93.96514,93.96276,94.22938,94.84018,95.09663,95.48133,95.40836,95.85846,96.0633,95.8728,96.07544,,,,
Iceland,ISL,"Youth literacy rate, population 15-24 years, both sexes (%)",SE.ADT.1524.LT.ZS,,,,,,,,,,,,,,,,,,,,,,,,,
IDA & IBRD total,IBT,"Youth literacy rate, population 15-24 years, both sexes (%)",SE.ADT.1524.LT.ZS,,,85.02762,85.62672,86.2227,87.08813,,87.34787,87.62933,88.32102,88.45145,,88.73325,89.19401,89.50078,89.80181,,90.31701,,,,,,,
IDA blend,IDB,"Youth literacy rate, population 15-24 years, both sexes (%)",SE.ADT.1524.LT.ZS,74.8315,71.13533,71.78405,72.19272,72.8243,73.50128,72.82704,77.21595,71.92458,74.02676,74.35697,74.71272,74.82691,75.96127,75.85897,76.57122,77.28214,77.95291,78.0701,78.76011,79.16139,,,,
IDA only,IDX,"Youth literacy rate, population 15-24 years, both sexes (%)",SE.ADT.1524.LT.ZS,62.95696,63.73697,64.27759,65.93195,66.80698,68.15303,68.00101,67.33635,66.59489,69.14767,69.64929,70.52003,71.47283,72.64927,74.54751,75.29282,76.13295,77.17355,77.95119,78.30098,78.88487,,,,
IDA total,IDA,"Youth literacy rate, population 15-24 years, both sexes (%)",SE.ADT.1524.LT.ZS,,,67.37303,68.61436,69.41589,70.69124,,70.43211,69.82649,71.38759,72.03852,,73.26094,74.53386,75.42821,76.18029,,77.90301,,,,,,,
India,IND,"Youth literacy rate, population 15-24 years, both sexes (%)",SE.ADT.1524.LT.ZS,,,76.4257,,,,,81.13086,,,,,86.14488,,,,,,,91.66404,,,,,
Indonesia,IDN,"Youth literacy rate, population 15-24 years, both sexes (%)",SE.ADT.1524.LT.ZS,,,,,,98.70546,,96.65104,,99.46011,99.47374,,98.778,,,99.68022,99.67007,99.66881,,99.70708,,,,,
"Iran, Islamic Rep.",IRN,"Youth literacy rate, population 15-24 years, both sexes (%)",SE.ADT.1524.LT.ZS,,,,,,,97.43153,96.64371,,97.87143,,,,98.0144,97.7773,97.93787,,98.10135,,,,,,,
Iraq,IRQ,"Youth literacy rate, population 15-24 years, both sexes (%)",SE.ADT.1524.LT.ZS,,84.7968,,,,,,,,,,,,83.5,80.8,88.8,,90.9,93.5,,,,,,
Ireland,IRL,"Youth literacy rate, population 15-24 years, both sexes (%)",SE.ADT.1524.LT.ZS,,,,,,,,,,,,,,,,,,,,,,,,,
Isle of Man,IMN,"Youth literacy rate, population 15-24 years, both sexes (%)",SE.ADT.1524.LT.ZS,,,,,,,,,,,,,,,,,,,,,,,,,
Israel,ISR,"Youth literacy rate, population 15-24 years, both sexes (%)",SE.ADT.1524.LT.ZS,,,,,,,,,,,,,,,,,,,,,,,,,
Italy,ITA,"Youth literacy rate, population 15-24 years, both sexes (%)",SE.ADT.1524.LT.ZS,,,99.81213,,,,,,,,,,99.85964,,,,,,,99.93,,,,,
Jamaica,JAM,"Youth literacy rate, population 15-24 years, both sexes (%)",SE.ADT.1524.LT.ZS,91.60341,,,,,,,,,,,,,,,96.3,,,,,,,,,
Japan,JPN,"Youth literacy rate, population 15-24 years, both sexes (%)",SE.ADT.1524.LT.ZS,,,,,,,,,,,,,,,,,,,,,,,,,
Jordan,JOR,"Youth literacy rate, population 15-24 years, both sexes (%)",SE.ADT.1524.LT.ZS,,,,,99.13259,,98.97539,,98.94934,,,98.76235,99.14868,99.10572,,,,,,99.34374,,,,,
Kazakhstan,KAZ,"Youth literacy rate, population 15-24 years, both sexes (%)",SE.ADT.1524.LT.ZS,99.84513,,,,,,,,,,99.83451,99.89736,,,,,,,,99.89736,,,,,
Kenya,KEN,"Youth literacy rate, population 15-24 years, both sexes (%)",SE.ADT.1524.LT.ZS,,92.52818,,,,,,,82.39047,,,,,,,86.52563,,,,87.83,,,,,
Kiribati,KIR,"Youth literacy rate, population 15-24 years, both sexes (%)",SE.ADT.1524.LT.ZS,,,,,,,,,,,,,,,,,,,,,,,,,
"Korea, Dem. People's Rep.",PRK,"Youth literacy rate, population 15-24 years, both sexes (%)",SE.ADT.1524.LT.ZS,,,,,,,,,,99.99964,,,,,,,,,,,,,,,
"Korea, Rep.",KOR,"Youth literacy rate, population 15-24 years, both sexes (%)",SE.ADT.1524.LT.ZS,,,,,,,,,,99.95417,,,,,,,,,,,,,,,
Kosovo,XKX,"Youth literacy rate, population 15-24 years, both sexes (%)",SE.ADT.1524.LT.ZS,,,,,,,,,,,,,,,,,,,,,,,,,
Kuwait,KWT,"Youth literacy rate, population 15-24 years, both sexes (%)",SE.ADT.1524.LT.ZS,,,,,,,99.73336,98.51217,98.44723,98.64335,,98.89911,,98.78226,99.15375,,99.25909,,99.24358,99.08013,,,,,
Kyrgyz Republic,KGZ,"Youth literacy rate, population 15-24 years, both sexes (%)",SE.ADT.1524.LT.ZS,99.69563,,,,,,,,,,99.75185,,,,,,,,,99.75,,,,,
Lao PDR,LAO,"Youth literacy rate, population 15-24 years, both sexes (%)",SE.ADT.1524.LT.ZS,,80.59856,78.45799,,,,83.93106,,,,,,72.05623,,,,92.46264,,,,,,,,
Late-demographic dividend,LTE,"Youth literacy rate, population 15-24 years, both sexes (%)",SE.ADT.1524.LT.ZS,97.3793,97.48652,97.62691,97.7749,98.0794,98.21061,98.33339,98.4595,98.74602,98.80837,98.83296,98.82657,98.96316,99.15902,99.22879,99.27664,99.29384,99.3561,99.38565,99.40293,99.44244,,,,
Latin America & Caribbean,LCN,"Youth literacy rate, population 15-24 years, both sexes (%)",SE.ADT.1524.LT.ZS,94.8691,95.07247,95.19462,95.56626,96.31387,96.44874,96.63701,96.7618,97.02562,97.16537,97.47638,97.34216,97.78911,97.93991,97.91776,98.23397,98.30745,98.43203,98.47008,98.54553,98.59456,,,,
Latin America & Caribbean (excluding high income),LAC,"Youth literacy rate, population 15-24 years, both sexes (%)",SE.ADT.1524.LT.ZS,94.74579,94.95843,95.07698,95.45885,96.23216,96.36309,96.55008,96.67862,96.94466,97.08779,97.41977,97.27852,97.72982,97.88727,97.87355,98.2035,98.30403,98.42589,98.47378,98.54975,98.59823,,,,
Latin America & the Caribbean (IDA & IBRD countries),TLA,"Youth literacy rate, population 15-24 years, both sexes (%)",SE.ADT.1524.LT.ZS,94.81647,95.02742,95.14424,95.51479,96.26923,96.39764,96.58126,96.70728,96.97477,97.11579,97.4344,97.29635,97.75296,97.90736,97.88517,98.20826,98.31375,98.439,98.47592,98.551,98.59957,,,,
Latvia,LVA,"Youth literacy rate, population 15-24 years, both sexes (%)",SE.ADT.1524.LT.ZS,,99.75026,,,,,,,,,,,99.83543,,,,,,,99.82,,,,,
Least developed countries: UN classification,LDC,"Youth literacy rate, population 15-24 years, both sexes (%)",SE.ADT.1524.LT.ZS,61.51644,62.00534,62.47397,64.14302,65.13365,66.54265,66.30222,65.50589,64.4907,67.21523,68.19027,69.1364,70.19723,71.53903,73.62081,74.34549,75.26799,76.40365,77.24867,77.63224,78.25923,,,,
Lebanon,LBN,"Youth literacy rate, population 15-24 years, both sexes (%)",SE.ADT.1524.LT.ZS,,,,,,,,,98.71479,,99.24335,,,,,,,,,99.75182,,,,,
Lending category not classified,LNX,"Youth literacy rate, population 15-24 years, both sexes (%)",SE.ADT.1524.LT.ZS,,,,,,,,,,,,,,,,,,,,,,,,,
Lesotho,LSO,"Youth literacy rate, population 15-24 years, both sexes (%)",SE.ADT.1524.LT.ZS,,90.9269,,,,,,,,,83.19441,,,,,86.6322,,,,,,,,,
Liberia,LBR,"Youth literacy rate, population 15-24 years, both sexes (%)",SE.ADT.1524.LT.ZS,,,,,,,,,49.07411,,,,,,,,,,55.3987,,,,,,
Libya,LBY,"Youth literacy rate, population 15-24 years, both sexes (%)",SE.ADT.1524.LT.ZS,,,,,,99.6,,,,,,,,,,,,,,,,,,,
Liechtenstein,LIE,"Youth literacy rate, population 15-24 years, both sexes (%)",SE.ADT.1524.LT.ZS,,,,,,,,,,,,,,,,,,,,,,,,,
Lithuania,LTU,"Youth literacy rate, population 15-24 years, both sexes (%)",SE.ADT.1524.LT.ZS,,,99.70167,,,,,,,,,,99.8558,,,,,,,,,,,,
Low & middle income,LMY,"Youth literacy rate, population 15-24 years, both sexes (%)",SE.ADT.1524.LT.ZS,84.7054,84.73749,85.10707,85.70837,86.30423,86.85006,87.01057,87.35332,87.23731,88.13817,88.21407,88.27708,88.52742,89.15234,89.53366,89.88052,89.92872,90.40681,90.61985,90.53675,90.75514,,,,
Low income,LIC,"Youth literacy rate, population 15-24 years, both sexes (%)",SE.ADT.1524.LT.ZS,58.22161,58.2377,58.76112,61.08442,61.68679,63.44424,62.74311,61.28222,62.79324,63.41412,64.30346,64.95811,67.42303,68.34881,69.58265,70.04919,70.72305,71.29221,72.22252,72.59012,73.05502,,,,
Lower middle income,LMC,"Youth literacy rate, population 15-24 years, both sexes (%)",SE.ADT.1524.LT.ZS,76.27411,76.50005,77.27259,78.07194,79.01407,79.79795,80.28617,81.59041,81.00045,82.77469,83.33271,83.66761,84.02823,85.07495,86.01478,86.74702,87.48635,88.04575,88.48955,88.96788,89.43323,,,,
Luxembourg,LUX,"Youth literacy rate, population 15-24 years, both sexes (%)",SE.ADT.1524.LT.ZS,,,,,,,,,,,,,,,,,,,,,,,,,
"Macao SAR, China",MAC,"Youth literacy rate, population 15-24 years, both sexes (%)",SE.ADT.1524.LT.ZS,,,99.63354,,,,,99.64424,,,,,99.6729,,,,,99.79874,,,,,,,
Madagascar,MDG,"Youth literacy rate, population 15-24 years, both sexes (%)",SE.ADT.1524.LT.ZS,,70.23622,,,,,57.63059,,,,64.94025,,,76.82916,,,,,,81.19837,,,,,
Malawi,MWI,"Youth literacy rate, population 15-24 years, both sexes (%)",SE.ADT.1524.LT.ZS,,,,,,,,,,,,72.13956,,,,76.08191,72.93561,,,,,,,,
Malaysia,MYS,"Youth literacy rate, population 15-24 years, both sexes (%)",SE.ADT.1524.LT.ZS,,97.2378,,,,,,,,,,98.41871,,,,,,97.61447,97.27256,96.85033,,,,,
Maldives,MDV,"Youth literacy rate, population 15-24 years, both sexes (%)",SE.ADT.1524.LT.ZS,,98.17012,,,,,,99.30101,,,,,,,,99.26838,,98.75365,,,,,,,
Mali,MLI,"Youth literacy rate, population 15-24 years, both sexes (%)",SE.ADT.1524.LT.ZS,,,,,,,,38.81612,,,,44.30171,42.09528,,,,49.36653,,,50.1347,,,,,
Malta,MLT,"Youth literacy rate, population 15-24 years, both sexes (%)",SE.ADT.1524.LT.ZS,,,,,,,98.26503,,,,,,98.88194,,,,,,,99.30071,,,,,
Marshall Islands,MHL,"Youth literacy rate, population 15-24 years, both sexes (%)",SE.ADT.1524.LT.ZS,,,,,,,,,,,,,98.45878,,,,,,,,,,,,
Mauritania,MRT,"Youth literacy rate, population 15-24 years, both sexes (%)",SE.ADT.1524.LT.ZS,,61.33665,,,,,,,56.12243,,,,,,,,,,63.94781,,,,,,
Mauritius,MUS,"Youth literacy rate, population 15-24 years, both sexes (%)",SE.ADT.1524.LT.ZS,,94.53896,,,,,,,,,,,98.13035,,,,,,,99.04203,,,,,
Mayotte,MYT,"Youth literacy rate, population 15-24 years, both sexes (%)",SE.ADT.1524.LT.ZS,,,,,,,,,,,,,,,,,,,,,,,,,
Mexico,MEX,"Youth literacy rate, population 15-24 years, both sexes (%)",SE.ADT.1524.LT.ZS,,96.61228,,97.60458,,97.56444,97.63584,97.89566,98.15609,98.3823,98.52466,98.43452,98.46177,98.87542,98.5645,99.00004,98.94471,99.1162,99.12469,99.31845,,,,,
"Micronesia, Fed. Sts.",FSM,"Youth literacy rate, population 15-24 years, both sexes (%)",SE.ADT.1524.LT.ZS,,,,,,,,,,,,,,,,,,,,,,,,,
Middle East & North Africa,MEA,"Youth literacy rate, population 15-24 years, both sexes (%)",SE.ADT.1524.LT.ZS,85.31644,85.94499,86.71948,87.59543,88.54905,89.08986,89.51961,89.57165,90.18422,90.91007,88.65794,88.93476,88.99496,92.61231,92.98097,93.93317,90.77456,93.01966,93.59566,89.90199,90.11926,,,,
Middle East & North Africa (excluding high income),MNA,"Youth literacy rate, population 15-24 years, both sexes (%)",SE.ADT.1524.LT.ZS,84.18864,84.86741,85.65808,86.58072,87.71653,88.27944,88.71155,88.69299,89.31421,90.07715,87.47093,87.76423,87.68283,91.76328,92.17578,93.25113,89.65961,92.20208,92.852,88.64759,88.90774,,,,
Middle East & North Africa (IDA & IBRD countries),TMN,"Youth literacy rate, population 15-24 years, both sexes (%)",SE.ADT.1524.LT.ZS,84.0527,84.73685,85.53422,86.45211,87.599,88.1667,88.60032,88.57767,89.20202,89.96834,87.32387,87.61496,87.52588,91.65796,92.07184,93.15982,89.51126,92.08992,92.7482,88.47712,88.74066,,,,
Middle income,MIC,"Youth literacy rate, population 15-24 years, both sexes (%)",SE.ADT.1524.LT.ZS,87.07273,87.14559,87.53436,88.00273,88.62228,89.08212,89.36323,89.92471,89.69934,90.69059,90.75244,90.83014,90.91433,91.59005,91.95933,92.38034,92.43293,92.97615,93.16341,93.08413,93.33207,,,,
Moldova,MDA,"Youth literacy rate, population 15-24 years, both sexes (%)",SE.ADT.1524.LT.ZS,,99.52508,,,,99.51923,,,99.55128,,99.4892,99.51155,,99.45616,,99.81101,,,,,,,,,
Monaco,MCO,"Youth literacy rate, population 15-24 years, both sexes (%)",SE.ADT.1524.LT.ZS,,,,,,,,,,,,,,,,,,,,,,,,,
Mongolia,MNG,"Youth literacy rate, population 15-24 years, both sexes (%)",SE.ADT.1524.LT.ZS,,97.71012,,,,,,,,,,98.46025,,,,,,,,98.63,,,,,
Montenegro,MNE,"Youth literacy rate, population 15-24 years, both sexes (%)",SE.ADT.1524.LT.ZS,,,,,99.41027,,,,,,,,99.21182,,,,,,,99.11,,,,,
Montserrat,MSR,"Youth literacy rate, population 15-24 years, both sexes (%)",SE.ADT.1524.LT.ZS,,,,,,,,,,,,,,,,,,,,,,,,,
Morocco,MAR,"Youth literacy rate, population 15-24 years, both sexes (%)",SE.ADT.1524.LT.ZS,,,,,,70.45759,,,,77.86296,79.47369,,81.51007,91.22096,,,,,,97.73,,,,,
Mozambique,MOZ,"Youth literacy rate, population 15-24 years, both sexes (%)",SE.ADT.1524.LT.ZS,,,,,61.89289,,,,,,67.14964,,,,,,70.5251,,70.91245,,,,,,
Myanmar,MMR,"Youth literacy rate, population 15-24 years, both sexes (%)",SE.ADT.1524.LT.ZS,,94.58631,,,,,,,,,,,,,,,,84.75116,,,,,,,
Namibia,NAM,"Youth literacy rate, population 15-24 years, both sexes (%)",SE.ADT.1524.LT.ZS,,,92.42438,,,,,,87.09541,,,,94.41944,,,,,,,95.1649,,,,,
Nauru,NRU,"Youth literacy rate, population 15-24 years, both sexes (%)",SE.ADT.1524.LT.ZS,,,,,,,,,,,,,,,,,,,,,,,,,
Nepal,NPL,"Youth literacy rate, population 15-24 years, both sexes (%)",SE.ADT.1524.LT.ZS,,,70.05362,,,,,,,,,,84.75715,,,,,,,92.39381,,,,,
Netherlands,NLD,"Youth literacy rate, population 15-24 years, both sexes (%)",SE.ADT.1524.LT.ZS,,,,,,,,,,,,,,,,,,,,,,,,,
Netherlands Antilles,ANT,"Youth literacy rate, population 15-24 years, both sexes (%)",SE.ADT.1524.LT.ZS,,,,,,,,,,,,,,,,,,,,,,,,,
New Caledonia,NCL,"Youth literacy rate, population 15-24 years, both sexes (%)",SE.ADT.1524.LT.ZS,,,,,,,,,,,,,,,,99.2,,,,,,,,,
New Zealand,NZL,"Youth literacy rate, population 15-24 years, both sexes (%)",SE.ADT.1524.LT.ZS,,,,,,,,,,,,,,,,,,,,,,,,,
Nicaragua,NIC,"Youth literacy rate, population 15-24 years, both sexes (%)",SE.ADT.1524.LT.ZS,,,86.22252,,,,87.00925,,,,,,,,,,91.57178,,,,,,,,
Niger,NER,"Youth literacy rate, population 15-24 years, both sexes (%)",SE.ADT.1524.LT.ZS,,,19.79119,,,,36.54678,,,,,,,39.78773,,,,,,43.46,,,,,
Nigeria,NGA,"Youth literacy rate, population 15-24 years, both sexes (%)",SE.ADT.1524.LT.ZS,,,,,68.99378,,,78.69443,,66.38354,,,,,,,,,,75.02875,,,,,
Niue,NIU,"Youth literacy rate, population 15-24 years, both sexes (%)",SE.ADT.1524.LT.ZS,,,,,,,,,,,,,,,,,,,,,,,,,
North America,NAC,"Youth literacy rate, population 15-24 years, both sexes (%)",SE.ADT.1524.LT.ZS,,,,,,,,,,,,,,,,,,,,,,,,,
North Macedonia,MKD,"Youth literacy rate, population 15-24 years, both sexes (%)",SE.ADT.1524.LT.ZS,,,,98.7427,,,,,,,,,,,,98.6,,,,,,,,,
Northern Mariana Islands,MNP,"Youth literacy rate, population 15-24 years, both sexes (%)",SE.ADT.1524.LT.ZS,,,,,,,,,,,,,,,,,,,,,,,,,
Norway,NOR,"Youth literacy rate, population 15-24 years, both sexes (%)",SE.ADT.1524.LT.ZS,,,,,,,,,,,,,,,,,,,,,,,,,
OECD members,OED,"Youth literacy rate, population 15-24 years, both sexes (%)",SE.ADT.1524.LT.ZS,,,,,,,,,,,,,,,,,,,,,,,,,
Oman,OMN,"Youth literacy rate, population 15-24 years, both sexes (%)",SE.ADT.1524.LT.ZS,,,,,97.28133,,,,,97.62982,,97.74373,,,,99.09432,99.15373,98.70356,98.66244,98.61783,,,,,
Other small states,OSS,"Youth literacy rate, population 15-24 years, both sexes (%)",SE.ADT.1524.LT.ZS,87.95839,87.96126,88.4551,88.64871,88.795,88.86696,89.01552,88.55441,87.86889,88.07606,87.19075,86.77189,87.48128,87.86538,88.25143,88.66726,89.44094,89.54707,89.744,89.93039,90.19115,,,,
Pacific island small states,PSS,"Youth literacy rate, population 15-24 years, both sexes (%)",SE.ADT.1524.LT.ZS,96.29285,96.35521,96.42928,96.47722,96.50687,96.55264,96.58516,96.65765,96.71934,,,,,,,,,,,,,,,,
Pakistan,PAK,"Youth literacy rate, population 15-24 years, both sexes (%)",SE.ADT.1524.LT.ZS,,,,,,,65.08658,69.1658,66.28471,71.11291,70.67627,71.25962,70.76933,72.58342,71.63622,72.7954,,,74.52638,,,,,,
Palau,PLW,"Youth literacy rate, population 15-24 years, both sexes (%)",SE.ADT.1524.LT.ZS,,,,,,,,,,,,,,,99.83838,,98.66444,,,,,,,,
Panama,PAN,"Youth literacy rate, population 15-24 years, both sexes (%)",SE.ADT.1524.LT.ZS,,96.07985,,,,,,,,,,97.63853,,,,,,,,99.09909,,,,,
Papua New Guinea,PNG,"Youth literacy rate, population 15-24 years, both sexes (%)",SE.ADT.1524.LT.ZS,,66.67899,,,,,,,,,,67.9,,,,,,,,,,,,,
Paraguay,PRY,"Youth literacy rate, population 15-24 years, both sexes (%)",SE.ADT.1524.LT.ZS,,,,97.04389,,,,,98.79446,97.96424,98.49729,98.61045,,98.17792,98.89913,98.7138,98.6536,98.4506,,98.28152,,,,,
Peru,PER,"Youth literacy rate, population 15-24 years, both sexes (%)",SE.ADT.1524.LT.ZS,,,,,,96.75563,97.12376,97.75713,97.35622,,,,,98.69816,,98.97753,99.00954,98.88349,99.05748,99.02376,,,,,
Philippines,PHL,"Youth literacy rate, population 15-24 years, both sexes (%)",SE.ADT.1524.LT.ZS,,95.08975,,,95.05721,,,,,97.7508,,,,,98.10835,,99.0826,,,,,,,,
Poland,POL,"Youth literacy rate, population 15-24 years, both sexes (%)",SE.ADT.1524.LT.ZS,,,,,,,,,,99.79683,,,,,,,,,,,,,,,
Portugal,PRT,"Youth literacy rate, population 15-24 years, both sexes (%)",SE.ADT.1524.LT.ZS,,,98.89936,,,,,,,,,,99.43512,,,,,,,99.66392,,,,,
Post-demographic dividend,PST,"Youth literacy rate, population 15-24 years, both sexes (%)",SE.ADT.1524.LT.ZS,,,,,,,,,,,,,,,,,,,,,,,,,
Pre-demographic dividend,PRE,"Youth literacy rate, population 15-24 years, both sexes (%)",SE.ADT.1524.LT.ZS,68.13252,65.88054,66.3177,66.7601,67.04292,67.47128,66.72914,67.38187,64.73956,64.89043,63.94427,64.87564,66.83451,69.74291,70.51352,71.62079,70.77728,72.89181,73.85571,72.93906,73.54555,,,,
Puerto Rico,PRI,"Youth literacy rate, population 15-24 years, both sexes (%)",SE.ADT.1524.LT.ZS,,,,,,,,,,,,98.83418,,,,,,,92.38983,,,,,,
Qatar,QAT,"Youth literacy rate, population 15-24 years, both sexes (%)",SE.ADT.1524.LT.ZS,,,,,,94.77977,,,95.91429,93.52998,94.80335,92.42882,94.60941,93.94436,91.79358,93.64452,,95.46365,94.64411,,,,,,
Romania,ROU,"Youth literacy rate, population 15-24 years, both sexes (%)",SE.ADT.1524.LT.ZS,,,,97.76149,,,,,,,,,98.99569,,,,,,,99.42919,,,,,
Russian Federation,RUS,"Youth literacy rate, population 15-24 years, both sexes (%)",SE.ADT.1524.LT.ZS,,,,99.7246,,,,,,,,99.7096,,,,,,,,99.69845,,,,,
Rwanda,RWA,"Youth literacy rate, population 15-24 years, both sexes (%)",SE.ADT.1524.LT.ZS,,77.62033,,,,,,,,,,77.34463,,82.33075,,85.06624,,,,86.49277,,,,,
Samoa,WSM,"Youth literacy rate, population 15-24 years, both sexes (%)",SE.ADT.1524.LT.ZS,,,,,,,,,,,,,99.23566,,,,,,,99.12348,,,,,
San Marino,SMR,"Youth literacy rate, population 15-24 years, both sexes (%)",SE.ADT.1524.LT.ZS,,,,,,,,,,,,,,,,,,,,100,,,,,
Sao Tome and Principe,STP,"Youth literacy rate, population 15-24 years, both sexes (%)",SE.ADT.1524.LT.ZS,,,95.41546,,,,,,,80.20316,,,,96.7384,,,,,,97.78255,,,,,
Saudi Arabia,SAU,"Youth literacy rate, population 15-24 years, both sexes (%)",SE.ADT.1524.LT.ZS,,95.91316,,,,95.84969,,,,,,,,,99.22177,,,,99.30188,,,,,,
Senegal,SEN,"Youth literacy rate, population 15-24 years, both sexes (%)",SE.ADT.1524.LT.ZS,,,,49.12449,,,,50.85166,,,63.35239,,65.78051,,56.94301,,,,69.47841,,,,,,
Serbia,SRB,"Youth literacy rate, population 15-24 years, both sexes (%)",SE.ADT.1524.LT.ZS,,,,,99.3568,,,,,,,,99.30869,,,,,99.71982,,,,,,,
Seychelles,SYC,"Youth literacy rate, population 15-24 years, both sexes (%)",SE.ADT.1524.LT.ZS,,,,99.06477,,,,,,,,98.97134,,,,,,,,99.07,,,,,
Sierra Leone,SLE,"Youth literacy rate, population 15-24 years, both sexes (%)",SE.ADT.1524.LT.ZS,,,,,,47.92761,,,,,,,,,57.02213,,,,,66.6486,,,,,
Singapore,SGP,"Youth literacy rate, population 15-24 years, both sexes (%)",SE.ADT.1524.LT.ZS,,99.5046,,,,,,,,,,99.75182,99.8872,99.89494,99.89861,99.90047,99.7849,99.92658,99.93044,99.92963,,,,,
Sint Maarten (Dutch part),SXM,"Youth literacy rate, population 15-24 years, both sexes (%)",SE.ADT.1524.LT.ZS,,,,,,,,,,,,,,,,,,,,,,,,,
Slovak Republic,SVK,"Youth literacy rate, population 15-24 years, both sexes (%)",SE.ADT.1524.LT.ZS,,,,,,,,,,,,,,,,,,,,,,,,,
Slovenia,SVN,"Youth literacy rate, population 15-24 years, both sexes (%)",SE.ADT.1524.LT.ZS,,,,,,99.8,,,,,,,,,,99.8,,,,,,,,,
Small states,SST,"Youth literacy rate, population 15-24 years, both sexes (%)",SE.ADT.1524.LT.ZS,89.83573,89.86343,90.24931,90.41818,90.54725,90.61803,90.74701,90.38935,89.94224,90.09589,89.44617,89.14174,89.67119,89.95074,90.31745,90.65192,91.22653,91.29653,91.43608,91.57199,91.76671,,,,
Solomon Islands,SLB,"Youth literacy rate, population 15-24 years, both sexes (%)",SE.ADT.1524.LT.ZS,,,,,,,,,,,,,,,,,,,,,,,,,
Somalia,SOM,"Youth literacy rate, population 15-24 years, both sexes (%)",SE.ADT.1524.LT.ZS,,,,,,,,,,,,,,,,,,,,,,,,,
South Africa,ZAF,"Youth literacy rate, population 15-24 years, both sexes (%)",SE.ADT.1524.LT.ZS,,,,,,,,,97.57078,,98.36509,98.64413,98.78966,98.88204,,98.88228,98.95578,,95.32382,,,,,,
South Asia,SAS,"Youth literacy rate, population 15-24 years, both sexes (%)",SE.ADT.1524.LT.ZS,70.82187,71.9553,72.94054,74.03113,75.20078,76.20471,77.17958,78.2775,78.33886,81.04232,81.96909,82.21069,82.93099,83.87258,85.17337,85.98569,86.96437,88.08789,88.62945,89.2672,89.95697,,,,
South Asia (IDA & IBRD),TSA,"Youth literacy rate, population 15-24 years, both sexes (%)",SE.ADT.1524.LT.ZS,70.82187,71.9553,72.94054,74.03113,75.20078,76.20471,77.17958,78.2775,78.33886,81.04232,81.96909,82.21069,82.93099,83.87258,85.17337,85.98569,86.96437,88.08789,88.62945,89.2672,89.95697,,,,
South Sudan,SSD,"Youth literacy rate, population 15-24 years, both sexes (%)",SE.ADT.1524.LT.ZS,,,,,,,,,,36.70228,,,,,,,,,,47.90096,,,,,
Spain,ESP,"Youth literacy rate, population 15-24 years, both sexes (%)",SE.ADT.1524.LT.ZS,,,,,,99.5582,99.53779,99.59531,99.56934,99.56431,99.599,99.59463,99.6994,99.67278,99.66926,99.72276,99.65568,99.62216,,99.71555,,,,,
Sri Lanka,LKA,"Youth literacy rate, population 15-24 years, both sexes (%)",SE.ADT.1524.LT.ZS,,,95.58863,,,,,97.48406,,97.9818,,98.15793,,,,,,98.68899,98.85646,98.78194,,,,,
St. Kitts and Nevis,KNA,"Youth literacy rate, population 15-24 years, both sexes (%)",SE.ADT.1524.LT.ZS,,,,,,,,,,,,,,,,,,,,,,,,,
St. Lucia,LCA,"Youth literacy rate, population 15-24 years, both sexes (%)",SE.ADT.1524.LT.ZS,,,,,,,,,,,,,,,,,,,,,,,,,
St. Martin (French part),MAF,"Youth literacy rate, population 15-24 years, both sexes (%)",SE.ADT.1524.LT.ZS,,,,,,,,,,,,,,,,,,,,,,,,,
St. Vincent and the Grenadines,VCT,"Youth literacy rate, population 15-24 years, both sexes (%)",SE.ADT.1524.LT.ZS,,,,,,,,,,,,,,,,,,,,,,,,,
Sub-Saharan Africa,SSF,"Youth literacy rate, population 15-24 years, both sexes (%)",SE.ADT.1524.LT.ZS,68.05618,66.21408,66.67766,67.88407,68.27141,69.56437,68.45287,69.03595,67.64934,67.85809,68.31577,69.20704,70.96517,72.35261,73.15401,73.82434,74.40408,74.90617,75.53063,75.92827,76.31555,,,,
Sub-Saharan Africa (excluding high income),SSA,"Youth literacy rate, population 15-24 years, both sexes (%)",SE.ADT.1524.LT.ZS,68.00923,66.16482,66.6306,67.84075,68.23054,69.52695,68.41505,68.99974,67.61177,67.81998,68.2784,69.17118,70.93196,72.32169,73.12476,73.79665,74.37785,74.8812,75.50709,75.90593,76.29438,,,,
Sub-Saharan Africa (IDA & IBRD countries),TSS,"Youth literacy rate, population 15-24 years, both sexes (%)",SE.ADT.1524.LT.ZS,68.05618,66.21408,66.67766,67.88407,68.27141,69.56437,68.45287,69.03595,67.64934,67.85809,68.31577,69.20704,70.96517,72.35261,73.15401,73.82434,74.40408,74.90617,75.53063,75.92827,76.31555,,,,
Sudan,SDN,"Youth literacy rate, population 15-24 years, both sexes (%)",SE.ADT.1524.LT.ZS,,78.15559,,,,,,,,65.80535,,,,,,,,,,73,,,,,
Suriname,SUR,"Youth literacy rate, population 15-24 years, both sexes (%)",SE.ADT.1524.LT.ZS,,,,,,94.88114,,,,99.41642,,98.37664,,97.6679,,,,,,98.64556,,,,,
Sweden,SWE,"Youth literacy rate, population 15-24 years, both sexes (%)",SE.ADT.1524.LT.ZS,,,,,,,,,,,,,,,,,,,,,,,,,
Switzerland,CHE,"Youth literacy rate, population 15-24 years, both sexes (%)",SE.ADT.1524.LT.ZS,,,,,,,,,,,,,,,,,,,,,,,,,
Syrian Arab Republic,SYR,"Youth literacy rate, population 15-24 years, both sexes (%)",SE.ADT.1524.LT.ZS,,,,95.18883,,92.45381,,,,,,,,,,,,,,,,,,,
Tajikistan,TJK,"Youth literacy rate, population 15-24 years, both sexes (%)",SE.ADT.1524.LT.ZS,,99.84706,,,,,,,,,,,,,,99.9,,,,,,,,,
Tanzania,TZA,"Youth literacy rate, population 15-24 years, both sexes (%)",SE.ADT.1524.LT.ZS,,,,78.39605,,,,,,,,74.56052,,85.94,,,85.75514,,,,,,,,
Thailand,THA,"Youth literacy rate, population 15-24 years, both sexes (%)",SE.ADT.1524.LT.ZS,,97.97539,,,,,98.0509,,,,,96.59757,,,98.31388,,98.14663,,,98.13717,,,,,
Timor-Leste,TLS,"Youth literacy rate, population 15-24 years, both sexes (%)",SE.ADT.1524.LT.ZS,,,,,,,,,,,,79.52868,,,,,,,,83.53903,,,,,
Togo,TGO,"Youth literacy rate, population 15-24 years, both sexes (%)",SE.ADT.1524.LT.ZS,,74.43957,,,,,,76.45294,,,81.73599,,79.88591,,,,84.29011,,,,,,,,
Tokelau,TKL,"Youth literacy rate, population 15-24 years, both sexes (%)",SE.ADT.1524.LT.ZS,,,,,,,,,,,,,,,,,,,,,,,,,
Tonga,TON,"Youth literacy rate, population 15-24 years, both sexes (%)",SE.ADT.1524.LT.ZS,,,,,,,,99.42476,,,,,99.43703,,,,,,,99.44112,,,,,
Trinidad and Tobago,TTO,"Youth literacy rate, population 15-24 years, both sexes (%)",SE.ADT.1524.LT.ZS,,99.4,,,,,,,,,,99.6,,,,,,,,,,,,,
Tunisia,TUN,"Youth literacy rate, population 15-24 years, both sexes (%)",SE.ADT.1524.LT.ZS,,,,,,94.33898,,,96.29969,96.8185,,97.17172,97.30444,96.865,,96.2091,,,,,,,,,
Turkiye,TUR,"Youth literacy rate, population 15-24 years, both sexes (%)",SE.ADT.1524.LT.ZS,,,,,,95.6035,96.11855,96.1815,96.36235,,97.80747,98.22459,98.70935,99.01602,99.22743,99.35848,99.49439,99.62136,99.75087,,,,,,
Turkmenistan,TKM,"Youth literacy rate, population 15-24 years, both sexes (%)",SE.ADT.1524.LT.ZS,,,,,,,,,,,,,,,,99.8,,,,,,,,,
Turks and Caicos Islands,TCA,"Youth literacy rate, population 15-24 years, both sexes (%)",SE.ADT.1524.LT.ZS,,,,,,,,,,,,,,,,,,,,,,,,,
Tuvalu,TUV,"Youth literacy rate, population 15-24 years, both sexes (%)",SE.ADT.1524.LT.ZS,,,,,,,,,,,,,,,,,,,,,,,,,
Uganda,UGA,"Youth literacy rate, population 15-24 years, both sexes (%)",SE.ADT.1524.LT.ZS,,,,80.79116,,,,84.06565,,,,87.40883,,83.65888,,,,,,89.39631,,,,,
Ukraine,UKR,"Youth literacy rate, population 15-24 years, both sexes (%)",SE.ADT.1524.LT.ZS,,,99.80486,,,,,,,,,,,99.96976,,,,,,,,,,,
United Arab Emirates,ARE,"Youth literacy rate, population 15-24 years, both sexes (%)",SE.ADT.1524.LT.ZS,,,,,,,95.00645,,,,,,,,,,99.43,,,,,,,,
United Kingdom,GBR,"Youth literacy rate, population 15-24 years, both sexes (%)",SE.ADT.1524.LT.ZS,,,,,,,,,,,,,,,,,,,,,,,,,
United States,USA,"Youth literacy rate, population 15-24 years, both sexes (%)",SE.ADT.1524.LT.ZS,,,,,,,,,,,,,,,,,,,,,,,,,
Upper middle income,UMC,"Youth literacy rate, population 15-24 years, both sexes (%)",SE.ADT.1524.LT.ZS,97.58272,97.67164,97.76821,97.90537,98.15916,98.27142,98.37015,98.23381,98.45334,98.77078,98.46913,98.45037,98.42945,98.92159,98.87663,99.151,98.54937,99.22288,99.20015,98.48301,98.518,,,,
Uruguay,URY,"Youth literacy rate, population 15-24 years, both sexes (%)",SE.ADT.1524.LT.ZS,,,,,,,,98.71252,98.75914,98.96814,98.86148,98.78419,98.86222,98.95525,98.92976,98.83889,98.9276,99.15247,98.9326,98.88027,,,,,
Uzbekistan,UZB,"Youth literacy rate, population 15-24 years, both sexes (%)",SE.ADT.1524.LT.ZS,,99.87435,,,,,,,,,,,,,100,99.99996,99.99996,100,,99.99994,,,,,
Vanuatu,VUT,"Youth literacy rate, population 15-24 years, both sexes (%)",SE.ADT.1524.LT.ZS,,,,,,91.8,,,,,,,,,,95.3,,,,96.28212,,,,,
"Venezuela, RB",VEN,"Youth literacy rate, population 15-24 years, both sexes (%)",SE.ADT.1524.LT.ZS,,,97.19934,,,,,,98.39878,,98.5333,,97.55916,,,,99.00763,98.75951,,,,,,,
Viet Nam,VNM,"Youth literacy rate, population 15-24 years, both sexes (%)",SE.ADT.1524.LT.ZS,94.52964,94.83651,,,,,,,,,97.09167,,,,,,,,,98.4081,,,,,
Virgin Islands (U.S.),VIR,"Youth literacy rate, population 15-24 years, both sexes (%)",SE.ADT.1524.LT.ZS,,,,,,,,,,,,,,,,,,,,,,,,,
West Bank and Gaza,PSE,"Youth literacy rate, population 15-24 years, both sexes (%)",SE.ADT.1524.LT.ZS,,,,,,98.94182,,99.09138,99.06206,99.15022,99.23326,99.24204,99.31232,99.28733,99.34833,99.36351,99.34061,99.38371,,99.33625,,,,,
World,WLD,"Youth literacy rate, population 15-24 years, both sexes (%)",SE.ADT.1524.LT.ZS,86.57232,86.57406,86.87619,87.38615,87.8817,88.34323,88.47526,88.76426,88.66706,89.45072,89.5235,89.56742,89.78326,90.33694,90.67431,90.9933,91.03014,91.44743,91.62891,91.54566,91.72953,,,,
"Yemen, Rep.",YEM,"Youth literacy rate, population 15-24 years, both sexes (%)",SE.ADT.1524.LT.ZS,,,,,,77,,,,,,,,,,,,,,,,,,,
Zambia,ZMB,"Youth literacy rate, population 15-24 years, both sexes (%)",SE.ADT.1524.LT.ZS,69.45722,,,69.08881,,,,,64.04964,,,88.71456,,,,,,,,92.09157,,,,,
Zimbabwe,ZWE,"Youth literacy rate, population 15-24 years, both sexes (%)",SE.ADT.1524.LT.ZS,,,,,,,,,,,,,90.9307,,,90.42812,,,,,,,,,
